Email,Company,Website,Phone,Location,Personalization
napa@archerhotel.com,Archer Hotel,archerhotel.com/napa,707-690-9800,Downtown Napa,your rooftop bar and boutique experience
reservations@napavalleylodge.com,Napa Valley Lodge,napavalleylodge.com,707-944-2468,Yountville,being family-owned with that personal touch
visitus@poetryinn.com,Poetry Inn,poetryinn.com,707-944-0646,Napa,your intimate 5-star luxury experience
info@calistogamotorlodge.com,Calistoga Motor Lodge,calistogamotorlodgeandspa.com,707-737-0000,Calistoga,that retro-cool vibe with the spa
yviconcierge@hotelyountville.com,Hotel Yountville,hotelyountville.com,707-967-7900,Yountville,your prime Yountville location
guestservices@northblockhotel.com,North Block Hotel,northblockyountville.com,707-944-8080,Yountville,your modern boutique style
concierge@inkhousenapavalley.com,The Ink House,inkhousenapavalley.com,707-331-4382,St. Helena,that incredible historic property
info@harvestinn.com,Harvest Inn,harvestinn.com,,St. Helena,your beautiful 81-room property
reservations@meadowood.com,Meadowood Napa Valley,meadowood.com,,St. Helena,your world-class luxury resort
stay@thebergson.com,The Bergson,thebergson.com,,Napa,your fresh modern approach
reservations@estateyountville.com,Villagio Inn & Spa,theestateyountville.com,,Yountville,that beautiful Tuscan-style property
info@mountviewhotel.com,Mount View Hotel,mountviewhotel.com,707-942-6877,Calistoga,your historic charm and spa
info@riverterraceinn.com,River Terrace Inn,riverterraceinn.com,707-927-2217,Napa,your riverside location
